episode,reward,drop_rate,avg_lat,avg_eng,avg_loss,epsilon,buffer_size,action_0,action_1,action_2,action_3
1,-192.6187,0.06,55.1763,1.8118,0.0,1.0,200,0.88,0.0,0.12,0.0
2,-157.3886,0.03,25.2157,1.9202,0.0,1.0,400,0.92,0.0,0.08,0.0
3,-130.3715,0.01,5.2305,1.9068,0.0,1.0,600,0.955,0.0,0.045,0.0
4,-161.1246,0.03,25.2091,1.92,0.0,1.0,800,0.955,0.0,0.045,0.0
5,-161.8683,0.04,30.2221,1.9085,0.0,1.0,1000,0.89,0.0,0.105,0.005
6,-412.7572,0.23,25.7938,1.5849,0.374762,0.9608,1200,0.265,0.275,0.185,0.275
7,-448.0383,0.255,45.7078,1.5979,0.37891,0.9231,1400,0.28,0.2,0.275,0.245
8,-390.8486,0.22,20.7107,1.6227,0.410638,0.8869,1600,0.335,0.18,0.275,0.21
9,-447.539,0.275,30.7236,1.5786,0.459437,0.8521,1800,0.305,0.21,0.235,0.25
10,-326.8616,0.185,30.6128,1.7649,0.534016,0.8187,2000,0.315,0.28,0.245,0.16
11,-341.5368,0.195,25.6536,1.707,0.595252,0.7866,2200,0.355,0.245,0.215,0.185
12,-305.1894,0.17,20.6259,1.7045,0.651135,0.7558,2400,0.375,0.24,0.195,0.19
13,-354.4136,0.195,40.6509,1.6444,0.681292,0.7261,2600,0.32,0.285,0.19,0.205
14,-297.4993,0.165,25.5812,1.7512,0.694022,0.6977,2800,0.385,0.275,0.195,0.145
15,-241.9489,0.115,5.5865,1.7503,0.702833,0.6703,3000,0.375,0.3,0.175,0.15
16,-290.6331,0.15,20.5886,1.7276,0.71481,0.644,3200,0.37,0.255,0.21,0.165
17,-263.0621,0.13,15.5622,1.7401,0.732685,0.6188,3400,0.375,0.22,0.26,0.145
18,-237.8342,0.12,15.5551,1.7059,0.747602,0.5945,3600,0.375,0.285,0.205,0.135
19,-221.6463,0.1,20.4846,1.7472,0.776192,0.5712,3800,0.41,0.25,0.23,0.11
20,-244.1248,0.125,10.5538,1.7674,0.799057,0.5488,4000,0.42,0.235,0.205,0.14
21,-246.0489,0.12,15.5132,1.7349,0.809886,0.5273,4200,0.42,0.265,0.2,0.115
22,-337.2481,0.185,25.5827,1.6977,0.825299,0.5066,4400,0.375,0.235,0.235,0.155
23,-234.7242,0.115,15.519,1.8147,0.830084,0.4867,4600,0.425,0.21,0.25,0.115
24,-246.6429,0.12,10.5721,1.7724,0.827737,0.4676,4800,0.365,0.27,0.235,0.13
25,-196.0009,0.085,25.4127,1.8502,0.821977,0.4493,5000,0.485,0.185,0.26,0.07
26,-185.2139,0.075,5.4509,1.8835,0.818447,0.4317,5200,0.465,0.205,0.26,0.07
27,-237.7512,0.115,5.5542,1.8116,0.81293,0.4147,5400,0.42,0.2,0.255,0.125
28,-253.9098,0.125,30.48,1.7412,0.803809,0.3985,5600,0.405,0.235,0.26,0.1
29,-253.7613,0.13,20.5271,1.7904,0.796203,0.3829,5800,0.435,0.23,0.21,0.125
30,-197.4015,0.09,5.504,1.8345,0.791119,0.3678,6000,0.49,0.215,0.195,0.1
31,-202.7457,0.09,30.4338,1.7327,0.786724,0.3534,6200,0.445,0.23,0.245,0.08
32,-189.0387,0.085,25.4498,1.8411,0.783481,0.3396,6400,0.465,0.25,0.195,0.09
33,-179.6569,0.08,25.4328,1.7856,0.782378,0.3262,6600,0.435,0.28,0.22,0.065
34,-177.5519,0.07,15.4552,1.8709,0.780469,0.3134,6800,0.455,0.27,0.2,0.075
35,-202.0472,0.09,10.463,1.7947,0.780135,0.3012,7000,0.485,0.295,0.145,0.075
36,-155.0936,0.06,5.4609,1.8676,0.779104,0.2893,7200,0.435,0.305,0.185,0.075
37,-168.7514,0.06,25.3784,1.8808,0.779067,0.278,7400,0.49,0.24,0.225,0.045
38,-163.2163,0.065,15.4168,1.864,0.78256,0.2671,7600,0.475,0.29,0.18,0.055
39,-169.7747,0.075,15.4106,1.8011,0.790438,0.2566,7800,0.465,0.255,0.22,0.06
40,-168.0913,0.075,0.4752,1.8531,0.79621,0.2466,8000,0.46,0.24,0.22,0.08
41,-130.2502,0.045,0.4137,1.8974,0.799108,0.2369,8200,0.53,0.215,0.2,0.055
42,-152.9941,0.065,5.4366,1.8356,0.801209,0.2276,8400,0.505,0.22,0.205,0.07
43,-135.2616,0.045,0.4259,1.8864,0.798808,0.2187,8600,0.515,0.265,0.165,0.055
44,-146.8376,0.055,5.4135,1.8221,0.798991,0.2101,8800,0.49,0.305,0.15,0.055
45,-198.714,0.085,20.4472,1.8318,0.796404,0.2019,9000,0.435,0.295,0.205,0.065
46,-123.7986,0.045,0.4029,1.8626,0.79422,0.1939,9200,0.53,0.25,0.175,0.045
47,-132.2273,0.045,5.3845,1.8769,0.794919,0.1863,9400,0.525,0.28,0.165,0.03
48,-122.5513,0.035,0.3907,1.9143,0.796304,0.179,9600,0.525,0.275,0.17,0.03
49,-138.8846,0.05,5.4109,1.9015,0.79719,0.172,9800,0.485,0.25,0.225,0.04
50,-155.7686,0.055,10.3935,1.8854,0.797981,0.1653,10000,0.57,0.225,0.155,0.05
51,-114.6298,0.03,5.3744,1.9227,0.800533,0.1588,10200,0.535,0.26,0.175,0.03
52,-126.8161,0.04,0.4178,1.8123,0.800385,0.1526,10400,0.49,0.285,0.17,0.055
53,-103.3785,0.025,5.3655,1.9224,0.800016,0.1466,10600,0.525,0.31,0.15,0.015
54,-139.26,0.05,5.4255,1.8861,0.802953,0.1408,10800,0.44,0.305,0.21,0.045
55,-107.1577,0.025,0.4049,1.8639,0.804993,0.1353,11000,0.485,0.26,0.21,0.045
56,-113.8612,0.03,5.3709,1.9056,0.80589,0.13,11200,0.545,0.265,0.155,0.035
57,-104.1338,0.025,5.3448,1.8781,0.805443,0.1249,11400,0.525,0.245,0.215,0.015
58,-136.3198,0.045,5.3871,1.9083,0.805159,0.12,11600,0.535,0.27,0.16,0.035
59,-107.5342,0.03,5.3683,1.9318,0.806137,0.1153,11800,0.52,0.23,0.225,0.025
60,-131.3614,0.045,0.4139,1.9005,0.80797,0.1108,12000,0.535,0.285,0.13,0.05
61,-78.3564,0.005,0.3265,2.0012,0.808857,0.1064,12200,0.59,0.265,0.145,0.0
62,-157.4236,0.065,10.4004,1.8257,0.809752,0.1023,12400,0.53,0.285,0.135,0.05
63,-107.7466,0.025,0.3749,1.8668,0.809672,0.0983,12600,0.55,0.24,0.18,0.03
64,-116.9194,0.035,0.3801,1.8563,0.808498,0.0944,12800,0.515,0.28,0.18,0.025
65,-113.5982,0.03,5.3693,1.973,0.807363,0.0907,13000,0.555,0.24,0.18,0.025
66,-121.5438,0.03,0.386,1.8864,0.807575,0.0871,13200,0.51,0.265,0.195,0.03
67,-86.2496,0.015,0.3403,1.8918,0.806258,0.0837,13400,0.545,0.245,0.2,0.01
68,-110.5797,0.03,0.3601,1.9656,0.806166,0.0804,13600,0.63,0.235,0.105,0.03
69,-88.5838,0.015,5.3384,1.9047,0.805671,0.0773,13800,0.545,0.295,0.155,0.005
70,-107.7391,0.03,0.3622,1.8769,0.803961,0.0743,14000,0.54,0.255,0.185,0.02
71,-108.1792,0.025,5.3636,1.8714,0.804114,0.0713,14200,0.48,0.27,0.235,0.015
72,-112.4991,0.035,5.354,1.8816,0.804943,0.0685,14400,0.565,0.255,0.155,0.025
73,-93.2422,0.02,0.3815,2.059,0.806302,0.0659,14600,0.51,0.29,0.185,0.015
74,-87.4589,0.015,0.3573,1.9383,0.807109,0.0633,14800,0.52,0.27,0.2,0.01
75,-89.5793,0.02,0.3476,1.8433,0.805568,0.0608,15000,0.57,0.24,0.175,0.015
76,-80.9159,0.01,0.3492,1.9421,0.802806,0.0584,15200,0.555,0.285,0.145,0.015
77,-91.5938,0.02,5.3538,1.9428,0.800801,0.0561,15400,0.51,0.275,0.205,0.01
78,-99.7542,0.02,5.3409,1.9235,0.798817,0.0539,15600,0.53,0.25,0.21,0.01
79,-104.9361,0.025,5.3608,1.8824,0.798295,0.0518,15800,0.535,0.245,0.195,0.025
80,-105.3342,0.025,0.3663,1.9592,0.797848,0.0498,16000,0.545,0.225,0.205,0.025
81,-99.2736,0.02,0.3604,1.9118,0.797863,0.0478,16200,0.535,0.235,0.21,0.02
82,-93.4451,0.015,0.357,1.9028,0.799455,0.0459,16400,0.495,0.245,0.245,0.015
83,-103.8721,0.03,15.3078,1.824,0.801316,0.0441,16600,0.585,0.225,0.18,0.01
84,-79.8324,0.01,0.3429,1.922,0.802523,0.0424,16800,0.53,0.23,0.23,0.01
85,-102.4492,0.02,5.345,1.9543,0.803639,0.0407,17000,0.555,0.23,0.2,0.015
86,-95.693,0.02,0.3513,1.9386,0.805498,0.0392,17200,0.58,0.285,0.12,0.015
87,-76.7346,0.005,0.335,1.8968,0.805833,0.0376,17400,0.55,0.235,0.205,0.01
88,-72.9422,0.005,0.3266,1.9338,0.806159,0.0361,17600,0.555,0.255,0.19,0.0
89,-98.5541,0.025,0.3625,1.912,0.805578,0.0347,17800,0.54,0.285,0.155,0.02
90,-96.5293,0.02,0.3425,1.9442,0.803503,0.0334,18000,0.555,0.23,0.205,0.01
91,-75.2941,0.005,0.3217,1.9331,0.802197,0.0321,18200,0.595,0.26,0.145,0.0
92,-93.169,0.02,0.3254,1.9323,0.801721,0.0308,18400,0.59,0.24,0.165,0.005
93,-72.7514,0.005,0.3301,1.9738,0.799355,0.0296,18600,0.555,0.26,0.185,0.0
94,-72.1952,0.005,0.3306,1.9672,0.79765,0.0284,18800,0.565,0.28,0.155,0.0
95,-87.954,0.015,10.3126,1.9569,0.795282,0.0273,19000,0.565,0.235,0.2,0.0
96,-108.6997,0.03,0.3785,1.869,0.794414,0.0262,19200,0.505,0.265,0.205,0.025
97,-84.572,0.01,0.355,1.9521,0.793846,0.0252,19400,0.515,0.225,0.245,0.015
98,-82.2882,0.01,0.3416,1.9691,0.794067,0.0242,19600,0.57,0.24,0.18,0.01
99,-85.3336,0.01,0.3327,1.9456,0.793886,0.0233,19800,0.54,0.2,0.255,0.005
100,-90.3834,0.015,0.3602,1.9345,0.792609,0.0224,20000,0.515,0.29,0.185,0.01
101,-72.6482,0.005,0.3355,2.0334,0.790956,0.0215,20200,0.55,0.235,0.215,0.0
102,-92.7625,0.015,0.3411,1.9353,0.789457,0.0206,20400,0.56,0.215,0.215,0.01
103,-93.5847,0.015,0.3444,1.9439,0.789519,0.0198,20600,0.495,0.225,0.275,0.005
104,-84.4959,0.01,0.317,1.8766,0.789575,0.0191,20800,0.575,0.24,0.185,0.0
105,-107.2249,0.025,0.3345,1.9081,0.788165,0.0183,21000,0.595,0.24,0.155,0.01
106,-84.5657,0.01,0.3159,1.9497,0.786699,0.0176,21200,0.6,0.225,0.175,0.0
107,-75.6678,0.01,0.3294,1.953,0.78506,0.0169,21400,0.585,0.25,0.16,0.005
108,-75.6471,0.005,0.3071,1.8301,0.783598,0.0162,21600,0.595,0.205,0.2,0.0
109,-82.3313,0.005,0.3289,1.9131,0.783026,0.0156,21800,0.54,0.25,0.21,0.0
110,-100.7576,0.02,0.3446,1.9984,0.782301,0.015,22000,0.515,0.245,0.235,0.005
111,-91.1818,0.01,0.3453,1.9337,0.781877,0.0144,22200,0.52,0.245,0.23,0.005
112,-95.4921,0.015,5.3316,1.9884,0.782825,0.0138,22400,0.56,0.24,0.195,0.005
113,-84.2956,0.01,0.3173,1.932,0.785509,0.0133,22600,0.63,0.225,0.14,0.005
114,-79.6597,0.005,0.3123,1.9216,0.787154,0.0128,22800,0.595,0.195,0.21,0.0
115,-76.3227,0.005,0.33,1.8838,0.788146,0.0123,23000,0.555,0.305,0.14,0.0
116,-95.8051,0.02,0.3521,1.9518,0.788353,0.0118,23200,0.515,0.295,0.185,0.005
117,-73.4756,0.005,0.315,1.9629,0.787554,0.0113,23400,0.615,0.225,0.16,0.0
118,-79.6093,0.01,0.3435,1.8926,0.787405,0.0109,23600,0.57,0.27,0.15,0.01
119,-91.9684,0.015,0.3372,1.9207,0.786722,0.0105,23800,0.54,0.225,0.23,0.005
120,-82.9634,0.01,0.3332,1.9619,0.785544,0.01,24000,0.565,0.255,0.175,0.005
121,-88.0394,0.015,0.3529,1.9551,0.78527,0.01,24200,0.495,0.26,0.24,0.005
122,-87.0707,0.015,5.3295,1.9235,0.783616,0.01,24400,0.525,0.285,0.19,0.0
123,-74.3149,0.005,0.3167,1.8875,0.781944,0.01,24600,0.595,0.255,0.15,0.0
124,-73.0391,0.005,0.3351,1.9399,0.780378,0.01,24800,0.53,0.27,0.2,0.0
125,-82.8985,0.01,0.3292,1.9499,0.779432,0.01,25000,0.57,0.24,0.185,0.005
126,-77.3471,0.005,0.3473,1.9289,0.7789,0.01,25200,0.475,0.3,0.225,0.0
127,-76.2853,0.005,0.3139,1.887,0.777819,0.01,25400,0.585,0.21,0.205,0.0
128,-78.7878,0.005,0.3286,1.8867,0.776921,0.01,25600,0.545,0.27,0.185,0.0
129,-74.3253,0.005,0.3313,1.9021,0.776204,0.01,25800,0.535,0.255,0.21,0.0
130,-72.882,0.005,0.3186,1.8639,0.774968,0.01,26000,0.57,0.255,0.175,0.0
131,-74.5671,0.005,0.3158,1.9167,0.773494,0.01,26200,0.61,0.195,0.19,0.005
132,-83.4131,0.01,0.3511,1.9679,0.772785,0.01,26400,0.52,0.29,0.185,0.005
133,-76.3356,0.005,0.3494,1.9311,0.771581,0.01,26600,0.475,0.32,0.205,0.0
134,-77.8536,0.01,0.3401,1.9616,0.770674,0.01,26800,0.525,0.285,0.19,0.0
135,-82.5076,0.01,0.3476,1.9785,0.770603,0.01,27000,0.505,0.27,0.22,0.005
136,-77.0438,0.005,0.3251,1.9268,0.770559,0.01,27200,0.585,0.235,0.175,0.005
137,-91.6656,0.015,10.305,1.9177,0.770296,0.01,27400,0.58,0.21,0.21,0.0
138,-86.3557,0.01,5.3456,1.9925,0.769903,0.01,27600,0.48,0.295,0.225,0.0
139,-74.5425,0.005,0.3451,1.9558,0.770069,0.01,27800,0.48,0.26,0.26,0.0
140,-75.978,0.005,0.3345,1.9571,0.76911,0.01,28000,0.54,0.28,0.18,0.0
141,-72.0943,0.005,0.3364,1.8799,0.767903,0.01,28200,0.485,0.25,0.265,0.0
142,-93.9597,0.02,10.3408,1.9518,0.767687,0.01,28400,0.465,0.32,0.215,0.0
143,-76.9713,0.005,0.3354,1.9324,0.766994,0.01,28600,0.53,0.275,0.195,0.0
144,-75.3005,0.005,0.3335,1.9809,0.765875,0.01,28800,0.565,0.295,0.14,0.0
145,-82.5509,0.01,0.3405,1.9211,0.764884,0.01,29000,0.53,0.245,0.22,0.005
146,-83.8846,0.01,0.3355,1.9467,0.764328,0.01,29200,0.57,0.245,0.18,0.005
147,-78.5759,0.01,0.3281,1.9199,0.763465,0.01,29400,0.56,0.23,0.205,0.005
148,-94.2879,0.02,0.3475,1.9806,0.762616,0.01,29600,0.56,0.2,0.23,0.01
149,-82.5089,0.01,5.3126,1.9481,0.761588,0.01,29800,0.585,0.22,0.195,0.0
150,-94.7335,0.02,10.3275,2.0014,0.761114,0.01,30000,0.555,0.205,0.235,0.005
151,-83.5695,0.015,0.3495,1.9517,0.760745,0.01,30200,0.52,0.285,0.19,0.005
152,-82.1366,0.01,0.3319,1.9077,0.759536,0.01,30400,0.565,0.25,0.18,0.005
153,-79.33,0.01,0.3245,1.9575,0.758487,0.01,30600,0.565,0.21,0.225,0.0
154,-89.7926,0.015,0.3454,2.0072,0.757596,0.01,30800,0.55,0.265,0.18,0.005
155,-83.5046,0.01,0.327,1.9377,0.757124,0.01,31000,0.555,0.24,0.205,0.0
156,-77.9678,0.005,0.3122,1.9233,0.757382,0.01,31200,0.59,0.175,0.235,0.0
157,-92.4145,0.015,10.3166,1.9321,0.756669,0.01,31400,0.535,0.225,0.24,0.0
158,-95.2261,0.02,10.328,1.911,0.756245,0.01,31600,0.52,0.245,0.23,0.005
159,-77.1433,0.01,0.3237,1.9147,0.755373,0.01,31800,0.585,0.235,0.175,0.005
160,-84.288,0.01,0.3401,1.964,0.754506,0.01,32000,0.56,0.26,0.175,0.005
161,-74.3154,0.005,0.3354,1.8963,0.753766,0.01,32200,0.53,0.31,0.16,0.0
162,-89.0609,0.015,5.3185,1.9022,0.752966,0.01,32400,0.57,0.27,0.16,0.0
163,-76.0676,0.005,0.3347,1.9524,0.752535,0.01,32600,0.53,0.27,0.2,0.0
164,-74.7567,0.005,0.3266,1.9259,0.751828,0.01,32800,0.57,0.285,0.145,0.0
165,-77.8071,0.01,0.3393,1.922,0.750988,0.01,33000,0.545,0.3,0.15,0.005
166,-85.9274,0.015,0.326,1.8958,0.750062,0.01,33200,0.565,0.225,0.205,0.005
167,-99.9703,0.025,10.3236,1.9089,0.749526,0.01,33400,0.53,0.305,0.165,0.0
168,-110.8053,0.03,15.31,1.8438,0.74898,0.01,33600,0.525,0.28,0.195,0.0
169,-72.1007,0.005,0.3447,1.9199,0.748129,0.01,33800,0.49,0.295,0.215,0.0
170,-81.1368,0.005,0.2998,1.9024,0.747683,0.01,34000,0.65,0.17,0.18,0.0
171,-79.9325,0.01,0.3436,1.9319,0.747489,0.01,34200,0.53,0.305,0.16,0.005
172,-96.6079,0.02,5.3046,1.8706,0.747115,0.01,34400,0.6,0.215,0.185,0.0
173,-113.5705,0.03,15.3047,1.8993,0.746537,0.01,34600,0.585,0.2,0.21,0.005
174,-87.9427,0.015,5.3376,1.958,0.746107,0.01,34800,0.515,0.32,0.165,0.0
175,-83.8139,0.01,5.323,1.9539,0.745383,0.01,35000,0.585,0.235,0.175,0.005
176,-75.9745,0.005,0.3374,1.8783,0.744626,0.01,35200,0.495,0.28,0.225,0.0
177,-80.9376,0.01,0.3422,1.904,0.744594,0.01,35400,0.51,0.32,0.17,0.0
178,-77.1801,0.005,0.3423,1.9381,0.743919,0.01,35600,0.49,0.27,0.24,0.0
179,-72.0192,0.005,0.3425,1.927,0.743059,0.01,35800,0.5,0.29,0.21,0.0
180,-87.5109,0.015,0.3401,1.9476,0.742281,0.01,36000,0.54,0.245,0.21,0.005
181,-85.8505,0.01,0.3378,1.9581,0.741779,0.01,36200,0.55,0.25,0.195,0.005
182,-87.1673,0.015,0.3351,1.8953,0.74083,0.01,36400,0.53,0.25,0.215,0.005
183,-84.0662,0.005,0.3391,1.95,0.740555,0.01,36600,0.515,0.27,0.215,0.0
184,-76.166,0.005,0.3179,1.8847,0.740231,0.01,36800,0.6,0.21,0.185,0.005
185,-94.1202,0.02,5.3298,1.9122,0.739474,0.01,37000,0.565,0.27,0.16,0.005
186,-80.771,0.01,0.3348,1.9552,0.739199,0.01,37200,0.56,0.255,0.18,0.005
187,-71.9335,0.005,0.33,1.9204,0.738853,0.01,37400,0.555,0.285,0.16,0.0
188,-97.7047,0.02,5.3497,1.9467,0.738401,0.01,37600,0.52,0.265,0.205,0.01
189,-77.8153,0.01,0.3498,2.0026,0.738175,0.01,37800,0.535,0.27,0.19,0.005
190,-71.1161,0.005,0.3349,1.8801,0.737869,0.01,38000,0.51,0.27,0.22,0.0
191,-76.6311,0.005,0.3131,1.9123,0.737194,0.01,38200,0.595,0.205,0.2,0.0
192,-68.7159,0.005,0.3301,1.8999,0.736416,0.01,38400,0.545,0.285,0.17,0.0
193,-74.3243,0.005,0.3349,1.9364,0.735736,0.01,38600,0.515,0.25,0.235,0.0
194,-79.9684,0.01,5.3244,1.9087,0.734986,0.01,38800,0.54,0.27,0.19,0.0
195,-79.9191,0.015,0.3305,1.9566,0.734473,0.01,39000,0.56,0.26,0.18,0.0
196,-84.3757,0.015,5.3329,1.8837,0.733704,0.01,39200,0.49,0.29,0.22,0.0
197,-72.7762,0.005,0.3322,1.9438,0.732951,0.01,39400,0.55,0.27,0.18,0.0
198,-71.1119,0.005,0.3423,1.9585,0.732273,0.01,39600,0.51,0.275,0.215,0.0
199,-75.472,0.005,0.3221,1.9646,0.731641,0.01,39800,0.59,0.23,0.18,0.0
200,-72.0552,0.005,0.3109,1.8881,0.731231,0.01,40000,0.595,0.22,0.185,0.0
201,-73.7065,0.005,0.3158,1.877,0.730701,0.01,40200,0.59,0.26,0.15,0.0
202,-73.3899,0.005,0.3372,1.9117,0.730508,0.01,40400,0.505,0.255,0.24,0.0
203,-84.1066,0.01,5.3258,1.9193,0.730619,0.01,40600,0.535,0.275,0.19,0.0
204,-73.205,0.005,0.3212,2.0075,0.730179,0.01,40800,0.61,0.24,0.15,0.0
205,-92.2704,0.02,5.331,1.9192,0.730001,0.01,41000,0.55,0.255,0.19,0.005
206,-89.1861,0.015,5.3367,1.9215,0.729507,0.01,41200,0.53,0.3,0.165,0.005
207,-93.6468,0.02,5.3284,1.8934,0.728927,0.01,41400,0.59,0.25,0.15,0.01
208,-86.575,0.015,0.3433,1.9485,0.728322,0.01,41600,0.54,0.255,0.2,0.005
209,-86.8235,0.015,5.3108,1.9528,0.728065,0.01,41800,0.595,0.225,0.18,0.0
210,-71.9581,0.005,0.3244,1.9203,0.727479,0.01,42000,0.565,0.245,0.19,0.0
211,-71.1542,0.005,0.3334,1.9401,0.726727,0.01,42200,0.545,0.28,0.175,0.0
212,-76.5079,0.005,0.3225,1.8846,0.726141,0.01,42400,0.57,0.26,0.17,0.0
213,-72.8694,0.005,0.3412,1.9808,0.72581,0.01,42600,0.53,0.29,0.18,0.0
214,-82.7402,0.01,0.3384,1.9644,0.725358,0.01,42800,0.545,0.3,0.155,0.0
215,-77.9119,0.01,0.3192,1.89,0.724944,0.01,43000,0.575,0.24,0.185,0.0
216,-70.0546,0.005,0.3244,1.9065,0.724523,0.01,43200,0.555,0.25,0.195,0.0
217,-75.6649,0.01,0.3219,1.9238,0.723964,0.01,43400,0.595,0.21,0.19,0.005
218,-84.04,0.01,0.3324,1.9121,0.723438,0.01,43600,0.555,0.235,0.205,0.005
219,-83.2612,0.01,0.3525,2.0153,0.723241,0.01,43800,0.51,0.285,0.2,0.005
220,-76.0442,0.005,0.3424,1.9354,0.722578,0.01,44000,0.535,0.35,0.115,0.0
221,-87.3079,0.015,0.3298,1.9216,0.721963,0.01,44200,0.57,0.21,0.215,0.005
222,-79.4854,0.01,5.3258,1.967,0.721362,0.01,44400,0.55,0.26,0.19,0.0
223,-87.757,0.015,0.3385,1.9018,0.720694,0.01,44600,0.545,0.255,0.195,0.005
224,-70.3137,0.005,0.3245,1.9733,0.719872,0.01,44800,0.58,0.245,0.175,0.0
225,-74.8126,0.005,0.3283,1.8932,0.719336,0.01,45000,0.555,0.29,0.155,0.0
226,-96.6016,0.025,0.3684,1.9632,0.719169,0.01,45200,0.48,0.3,0.21,0.01
227,-84.0138,0.015,5.3424,1.9216,0.719393,0.01,45400,0.495,0.29,0.21,0.005
228,-80.9842,0.01,5.3483,1.9977,0.719399,0.01,45600,0.48,0.335,0.185,0.0
229,-79.18,0.01,5.3364,1.9444,0.718952,0.01,45800,0.535,0.3,0.16,0.005
230,-71.7295,0.005,0.3354,1.9647,0.718783,0.01,46000,0.55,0.28,0.17,0.0
231,-70.6569,0.005,0.3268,1.9127,0.718746,0.01,46200,0.565,0.275,0.16,0.0
232,-68.9629,0.005,0.3367,1.9059,0.718278,0.01,46400,0.52,0.295,0.185,0.0
233,-85.2363,0.015,0.3713,1.9099,0.717227,0.01,46600,0.485,0.32,0.18,0.015
234,-71.5716,0.005,0.3315,1.9146,0.716798,0.01,46800,0.535,0.265,0.2,0.0
235,-72.1227,0.005,0.3376,1.9055,0.715962,0.01,47000,0.515,0.29,0.195,0.0
236,-79.5024,0.01,0.3415,1.9459,0.715081,0.01,47200,0.525,0.27,0.2,0.005
237,-100.1836,0.03,5.329,1.8386,0.714333,0.01,47400,0.56,0.295,0.14,0.005
238,-88.697,0.015,5.3301,1.8981,0.713799,0.01,47600,0.55,0.265,0.18,0.005
239,-72.5418,0.005,0.3225,1.8679,0.71376,0.01,47800,0.57,0.29,0.14,0.0
240,-74.0939,0.005,0.3263,1.9639,0.713494,0.01,48000,0.575,0.265,0.16,0.0
241,-70.8452,0.005,0.3341,1.9668,0.713619,0.01,48200,0.555,0.295,0.15,0.0
242,-76.0717,0.005,0.333,1.9815,0.713184,0.01,48400,0.57,0.285,0.145,0.0
243,-73.4582,0.005,0.3406,1.8916,0.712955,0.01,48600,0.52,0.295,0.18,0.005
244,-71.4004,0.005,0.3415,1.9235,0.712408,0.01,48800,0.495,0.275,0.23,0.0
245,-77.3696,0.01,0.3347,1.9442,0.711779,0.01,49000,0.57,0.235,0.19,0.005
246,-89.9633,0.02,0.3321,1.9107,0.71096,0.01,49200,0.575,0.27,0.15,0.005
247,-74.5169,0.005,0.3382,1.9494,0.710648,0.01,49400,0.53,0.285,0.185,0.0
248,-73.6743,0.005,0.3295,1.9134,0.710245,0.01,49600,0.56,0.295,0.145,0.0
249,-80.8502,0.01,0.3629,1.9455,0.709846,0.01,49800,0.505,0.32,0.165,0.01
250,-71.5524,0.005,0.3398,1.9638,0.709236,0.01,50000,0.53,0.305,0.165,0.0
251,-82.9316,0.015,0.3308,1.9185,0.708826,0.01,50000,0.55,0.29,0.16,0.0
252,-70.8548,0.005,0.3298,1.8624,0.708422,0.01,50000,0.52,0.26,0.22,0.0
253,-69.6431,0.005,0.3307,1.9245,0.708063,0.01,50000,0.535,0.255,0.21,0.0
254,-92.6015,0.02,0.3323,1.9467,0.707868,0.01,50000,0.54,0.25,0.21,0.0
255,-75.4196,0.01,0.3271,1.9714,0.707391,0.01,50000,0.6,0.25,0.145,0.005
256,-72.8906,0.005,0.3269,1.9156,0.706849,0.01,50000,0.55,0.25,0.2,0.0
257,-79.5573,0.01,5.3159,1.9175,0.706554,0.01,50000,0.59,0.28,0.13,0.0
258,-101.8794,0.025,15.3133,1.9089,0.705905,0.01,50000,0.56,0.24,0.195,0.005
259,-87.0334,0.01,0.3455,1.9655,0.705344,0.01,50000,0.55,0.29,0.155,0.005
260,-85.9326,0.01,0.3409,1.8915,0.705043,0.01,50000,0.545,0.3,0.15,0.005
261,-78.9826,0.01,0.3364,1.8714,0.704704,0.01,50000,0.505,0.295,0.2,0.0
262,-85.429,0.01,0.3523,1.9866,0.704037,0.01,50000,0.52,0.29,0.185,0.005
263,-90.1506,0.015,5.3096,1.941,0.703541,0.01,50000,0.61,0.23,0.16,0.0
264,-71.4276,0.005,0.3272,1.915,0.703378,0.01,50000,0.55,0.25,0.2,0.0
265,-70.6734,0.005,0.325,1.9432,0.702879,0.01,50000,0.58,0.265,0.155,0.0
266,-78.6769,0.01,0.3452,1.8863,0.702225,0.01,50000,0.485,0.325,0.19,0.0
267,-75.2675,0.01,0.3207,1.9222,0.701935,0.01,50000,0.57,0.22,0.21,0.0
268,-84.0846,0.01,0.3313,1.9306,0.701623,0.01,50000,0.605,0.235,0.15,0.01
269,-85.994,0.015,0.3318,1.925,0.701081,0.01,50000,0.55,0.285,0.165,0.0
270,-82.6655,0.01,0.3357,1.8729,0.700806,0.01,50000,0.56,0.26,0.175,0.005
271,-72.7821,0.005,0.3243,1.9584,0.70041,0.01,50000,0.59,0.265,0.145,0.0
272,-77.68,0.005,0.3222,1.9223,0.70008,0.01,50000,0.59,0.27,0.14,0.0
273,-67.6006,0.005,0.3225,1.9253,0.699603,0.01,50000,0.585,0.265,0.15,0.0
274,-71.6154,0.005,0.3353,1.9574,0.699167,0.01,50000,0.545,0.285,0.17,0.0
275,-71.8221,0.005,0.3331,1.878,0.698855,0.01,50000,0.515,0.275,0.21,0.0
276,-83.6993,0.015,0.3369,1.912,0.698454,0.01,50000,0.54,0.28,0.175,0.005
277,-71.9086,0.005,0.3383,1.949,0.698186,0.01,50000,0.525,0.29,0.185,0.0
278,-95.3195,0.02,0.3379,1.9926,0.697502,0.01,50000,0.575,0.24,0.18,0.005
279,-79.816,0.01,5.3096,1.9436,0.696933,0.01,50000,0.615,0.25,0.135,0.0
280,-79.0012,0.01,5.3235,1.9535,0.696714,0.01,50000,0.575,0.29,0.135,0.0
281,-81.7435,0.01,0.3242,1.9029,0.696651,0.01,50000,0.6,0.215,0.18,0.005
282,-73.8986,0.005,0.3369,1.9582,0.696719,0.01,50000,0.525,0.265,0.21,0.0
283,-78.3257,0.01,0.3326,1.9859,0.696162,0.01,50000,0.6,0.235,0.16,0.005
284,-86.4747,0.01,0.3325,1.9076,0.69603,0.01,50000,0.55,0.225,0.22,0.005
285,-76.4656,0.01,0.336,1.9188,0.695674,0.01,50000,0.52,0.275,0.205,0.0
286,-79.281,0.005,0.3171,1.9772,0.695142,0.01,50000,0.61,0.21,0.18,0.0
287,-83.6334,0.01,0.3348,1.9205,0.695025,0.01,50000,0.535,0.205,0.255,0.005
288,-82.1759,0.015,0.3274,1.915,0.694848,0.01,50000,0.6,0.195,0.195,0.01
289,-93.2757,0.02,0.3483,1.9512,0.694324,0.01,50000,0.535,0.255,0.2,0.01
290,-94.737,0.02,10.3001,1.8921,0.693982,0.01,50000,0.615,0.185,0.195,0.005
291,-80.1075,0.015,0.3151,1.9026,0.693429,0.01,50000,0.595,0.245,0.16,0.0
292,-93.2454,0.02,0.3724,1.8606,0.69304,0.01,50000,0.575,0.22,0.17,0.035
293,-69.4095,0.005,0.3388,1.9297,0.692514,0.01,50000,0.52,0.285,0.195,0.0
294,-87.0219,0.015,10.3105,1.9294,0.692107,0.01,50000,0.56,0.225,0.215,0.0
295,-79.3457,0.01,5.3196,1.8957,0.691749,0.01,50000,0.55,0.26,0.19,0.0
296,-79.1999,0.01,0.3359,1.9526,0.691218,0.01,50000,0.57,0.26,0.165,0.005
297,-81.9227,0.01,5.3202,1.9372,0.690643,0.01,50000,0.55,0.225,0.225,0.0
298,-77.7845,0.01,0.3269,1.8594,0.690218,0.01,50000,0.54,0.275,0.185,0.0
299,-74.1855,0.005,0.308,1.9003,0.689731,0.01,50000,0.62,0.22,0.16,0.0
300,-77.773,0.01,0.3323,1.9666,0.689304,0.01,50000,0.56,0.23,0.205,0.005
301,-78.7037,0.01,0.3199,1.8638,0.688825,0.01,50000,0.585,0.23,0.18,0.005
302,-72.7178,0.005,0.3249,1.9505,0.688446,0.01,50000,0.57,0.23,0.2,0.0
303,-80.4964,0.01,0.317,1.9063,0.688526,0.01,50000,0.64,0.215,0.14,0.005
304,-93.7072,0.015,0.3179,1.9033,0.688353,0.01,50000,0.61,0.205,0.18,0.005
305,-74.1646,0.005,0.327,1.9754,0.687921,0.01,50000,0.565,0.235,0.2,0.0
306,-78.3542,0.01,0.3555,1.9338,0.687595,0.01,50000,0.48,0.28,0.235,0.005
307,-74.2267,0.01,0.3357,1.9235,0.687323,0.01,50000,0.535,0.235,0.225,0.005
308,-71.3201,0.005,0.3126,1.9792,0.687095,0.01,50000,0.62,0.2,0.18,0.0
309,-88.3202,0.015,5.3349,1.8377,0.686673,0.01,50000,0.53,0.29,0.175,0.005
310,-78.8685,0.005,0.3324,1.921,0.686164,0.01,50000,0.535,0.225,0.235,0.005
311,-81.0533,0.01,0.3267,1.8695,0.685969,0.01,50000,0.55,0.29,0.16,0.0
312,-90.639,0.015,10.3174,1.9099,0.685945,0.01,50000,0.535,0.25,0.215,0.0
313,-74.6362,0.01,0.3377,1.8974,0.686095,0.01,50000,0.55,0.235,0.205,0.01
314,-77.8405,0.005,0.3227,1.9509,0.685904,0.01,50000,0.58,0.23,0.19,0.0
315,-69.4118,0.005,0.3431,1.9838,0.685834,0.01,50000,0.5,0.255,0.245,0.0
316,-82.2453,0.01,0.3416,1.9438,0.68563,0.01,50000,0.51,0.295,0.195,0.0
317,-86.8804,0.015,0.3572,1.8896,0.684989,0.01,50000,0.465,0.295,0.235,0.005
318,-75.4477,0.005,0.3402,1.9642,0.684478,0.01,50000,0.52,0.285,0.195,0.0
319,-80.3928,0.01,0.3399,1.9736,0.68414,0.01,50000,0.565,0.26,0.17,0.005
320,-74.1038,0.005,0.3545,1.9746,0.683834,0.01,50000,0.465,0.255,0.275,0.005
321,-80.4558,0.01,5.3251,1.853,0.683363,0.01,50000,0.52,0.24,0.235,0.005
322,-80.7211,0.005,0.34,1.9325,0.682829,0.01,50000,0.515,0.25,0.23,0.005
323,-85.2621,0.015,5.3356,1.9606,0.682192,0.01,50000,0.52,0.3,0.18,0.0
324,-108.2484,0.03,20.3207,1.9234,0.681669,0.01,50000,0.49,0.24,0.265,0.005
325,-75.1921,0.01,0.3488,1.9315,0.681185,0.01,50000,0.52,0.275,0.2,0.005
326,-75.6464,0.005,0.3222,1.9452,0.68059,0.01,50000,0.585,0.245,0.17,0.0
327,-98.1815,0.02,5.3301,1.9581,0.680256,0.01,50000,0.585,0.2,0.205,0.01
328,-88.2464,0.015,0.3606,1.9773,0.679933,0.01,50000,0.525,0.285,0.18,0.01
329,-91.2158,0.02,0.3572,1.9534,0.679449,0.01,50000,0.48,0.27,0.245,0.005
330,-76.2863,0.01,0.3485,1.942,0.678902,0.01,50000,0.53,0.27,0.195,0.005
331,-85.8163,0.015,0.3442,1.9166,0.678292,0.01,50000,0.525,0.23,0.24,0.005
332,-72.1906,0.005,0.329,1.9335,0.677819,0.01,50000,0.535,0.225,0.24,0.0
333,-100.9358,0.025,15.3282,1.8891,0.6773,0.01,50000,0.5,0.28,0.215,0.005
334,-72.0594,0.005,0.3231,1.958,0.676988,0.01,50000,0.575,0.225,0.2,0.0
335,-75.2727,0.005,0.3433,1.9593,0.676604,0.01,50000,0.5,0.29,0.21,0.0
336,-82.7814,0.01,0.3306,1.9172,0.676195,0.01,50000,0.58,0.275,0.14,0.005
337,-78.1845,0.01,5.3245,1.9517,0.675584,0.01,50000,0.57,0.295,0.135,0.0
338,-80.163,0.01,5.3277,1.943,0.674886,0.01,50000,0.545,0.285,0.17,0.0
339,-73.1096,0.005,0.3442,1.9781,0.674351,0.01,50000,0.52,0.31,0.17,0.0
340,-73.2611,0.005,0.3477,1.9667,0.673866,0.01,50000,0.485,0.29,0.225,0.0
341,-81.3934,0.01,5.3232,1.9019,0.673427,0.01,50000,0.545,0.275,0.18,0.0
342,-68.9726,0.005,0.3275,1.9181,0.672993,0.01,50000,0.555,0.26,0.185,0.0
343,-79.0623,0.01,5.3266,1.9276,0.672599,0.01,50000,0.53,0.255,0.215,0.0
344,-74.4846,0.005,0.3262,1.8751,0.672257,0.01,50000,0.535,0.265,0.2,0.0
345,-76.0103,0.01,5.3233,1.8982,0.671755,0.01,50000,0.535,0.26,0.205,0.0
346,-83.0691,0.015,10.3112,1.8717,0.671414,0.01,50000,0.535,0.225,0.24,0.0
347,-86.0503,0.015,5.3139,1.8962,0.671185,0.01,50000,0.575,0.245,0.18,0.0
348,-82.4778,0.015,0.3333,1.8769,0.670873,0.01,50000,0.545,0.24,0.21,0.005
349,-76.6403,0.01,0.3345,1.9916,0.670184,0.01,50000,0.575,0.22,0.2,0.005
350,-74.071,0.005,0.3249,1.9145,0.669748,0.01,50000,0.55,0.23,0.22,0.0
351,-77.9615,0.01,0.3332,1.9935,0.669362,0.01,50000,0.555,0.265,0.18,0.0
352,-78.677,0.01,0.3246,1.9219,0.669011,0.01,50000,0.57,0.255,0.175,0.0
353,-79.5626,0.01,0.3287,1.9219,0.668795,0.01,50000,0.575,0.24,0.18,0.005
354,-88.8301,0.02,5.331,1.9137,0.668376,0.01,50000,0.55,0.235,0.21,0.005
355,-72.7997,0.005,0.3227,1.9503,0.667962,0.01,50000,0.595,0.265,0.14,0.0
356,-73.5513,0.005,0.3364,1.9185,0.667547,0.01,50000,0.53,0.3,0.17,0.0
357,-73.5597,0.005,0.3453,1.9371,0.667229,0.01,50000,0.5,0.3,0.2,0.0
358,-75.2302,0.005,0.3313,1.9294,0.666797,0.01,50000,0.545,0.275,0.18,0.0
359,-79.5161,0.005,0.333,1.9443,0.66635,0.01,50000,0.565,0.25,0.18,0.005
360,-80.637,0.01,5.3179,1.9847,0.665947,0.01,50000,0.595,0.26,0.145,0.0
361,-81.9923,0.01,0.3547,1.991,0.665501,0.01,50000,0.505,0.28,0.21,0.005
362,-85.0316,0.015,0.3349,1.9007,0.66513,0.01,50000,0.565,0.23,0.195,0.01
363,-71.5652,0.005,0.3141,1.9017,0.664872,0.01,50000,0.6,0.23,0.17,0.0
364,-72.6869,0.005,0.3203,1.8744,0.664449,0.01,50000,0.585,0.24,0.17,0.005
365,-72.9824,0.005,0.3269,1.938,0.664076,0.01,50000,0.575,0.285,0.14,0.0
366,-82.5654,0.01,0.3385,1.9954,0.663758,0.01,50000,0.58,0.265,0.15,0.005
367,-70.3517,0.005,0.3334,1.9856,0.663319,0.01,50000,0.555,0.27,0.175,0.0
368,-93.6259,0.015,0.3599,1.951,0.663085,0.01,50000,0.505,0.275,0.21,0.01
369,-78.1748,0.005,0.3249,1.9831,0.662781,0.01,50000,0.605,0.22,0.17,0.005
370,-78.0672,0.01,0.3553,1.9847,0.662422,0.01,50000,0.515,0.29,0.19,0.005
371,-75.9356,0.005,0.331,1.9336,0.662019,0.01,50000,0.56,0.29,0.15,0.0
372,-81.7751,0.01,5.316,1.8986,0.661709,0.01,50000,0.565,0.235,0.2,0.0
373,-75.6669,0.01,0.3157,1.8938,0.661315,0.01,50000,0.61,0.21,0.175,0.005
374,-76.8331,0.005,0.3286,1.9462,0.661075,0.01,50000,0.56,0.255,0.185,0.0
375,-84.8554,0.01,0.346,1.953,0.660767,0.01,50000,0.545,0.295,0.155,0.005
376,-90.296,0.015,0.3496,1.9592,0.660436,0.01,50000,0.525,0.245,0.22,0.01
377,-76.7758,0.01,0.328,1.8274,0.660007,0.01,50000,0.505,0.24,0.255,0.0
378,-69.8743,0.005,0.3322,1.9739,0.659699,0.01,50000,0.565,0.275,0.16,0.0
379,-89.4819,0.015,0.3637,1.9693,0.659298,0.01,50000,0.51,0.305,0.175,0.01
380,-78.7734,0.01,5.3154,1.9705,0.659179,0.01,50000,0.595,0.25,0.155,0.0
381,-75.3242,0.005,0.3157,1.8707,0.658922,0.01,50000,0.58,0.225,0.195,0.0
382,-86.107,0.01,5.3438,1.9471,0.658614,0.01,50000,0.5,0.35,0.15,0.0
383,-79.2335,0.01,0.3426,1.969,0.658373,0.01,50000,0.515,0.3,0.185,0.0
384,-92.6888,0.02,10.3173,1.8986,0.658403,0.01,50000,0.555,0.245,0.195,0.005
385,-86.4117,0.015,10.3166,1.932,0.658201,0.01,50000,0.56,0.27,0.17,0.0
386,-78.4348,0.01,0.3395,1.9315,0.657718,0.01,50000,0.555,0.255,0.185,0.005
387,-79.0487,0.005,0.3427,1.9421,0.657548,0.01,50000,0.515,0.31,0.175,0.0
388,-74.922,0.005,0.331,1.9542,0.657404,0.01,50000,0.56,0.275,0.165,0.0
389,-71.3823,0.005,0.318,1.9376,0.657021,0.01,50000,0.58,0.215,0.205,0.0
390,-78.3577,0.01,0.336,1.9405,0.656619,0.01,50000,0.57,0.255,0.17,0.005
391,-74.7027,0.005,0.3422,1.9346,0.656389,0.01,50000,0.49,0.26,0.25,0.0
392,-75.2983,0.005,0.3402,1.8755,0.656238,0.01,50000,0.495,0.3,0.205,0.0
393,-72.1421,0.005,0.3209,1.9191,0.655981,0.01,50000,0.575,0.24,0.185,0.0
394,-87.4806,0.015,10.3155,1.9286,0.65576,0.01,50000,0.56,0.2,0.235,0.005
395,-76.193,0.005,0.3233,1.9572,0.655316,0.01,50000,0.59,0.255,0.155,0.0
396,-84.7562,0.015,0.3292,1.9038,0.655084,0.01,50000,0.585,0.205,0.2,0.01
397,-83.0061,0.01,5.3256,1.9255,0.654647,0.01,50000,0.535,0.255,0.21,0.0
398,-74.6957,0.005,0.3387,1.9915,0.654418,0.01,50000,0.52,0.26,0.22,0.0
399,-85.0347,0.015,0.3404,2.0224,0.654393,0.01,50000,0.56,0.255,0.18,0.005
400,-86.1836,0.015,10.3002,1.9332,0.654111,0.01,50000,0.61,0.215,0.175,0.0
401,-92.3628,0.02,15.3094,1.8988,0.653707,0.01,50000,0.55,0.26,0.19,0.0
402,-69.6906,0.005,0.3268,1.9575,0.653555,0.01,50000,0.57,0.255,0.175,0.0
403,-76.1783,0.005,0.3247,1.9987,0.653356,0.01,50000,0.605,0.265,0.13,0.0
404,-75.3024,0.005,0.3432,1.9441,0.652952,0.01,50000,0.5,0.235,0.26,0.005
405,-79.9461,0.01,0.3282,1.9567,0.652472,0.01,50000,0.55,0.24,0.21,0.0
406,-70.8946,0.005,0.3215,1.9081,0.652438,0.01,50000,0.575,0.245,0.18,0.0
407,-89.5497,0.015,0.3454,1.932,0.652283,0.01,50000,0.54,0.26,0.19,0.01
408,-105.9564,0.03,0.3571,1.9351,0.652029,0.01,50000,0.58,0.25,0.155,0.015
409,-82.0758,0.01,0.3307,1.9561,0.651852,0.01,50000,0.545,0.245,0.21,0.0
410,-72.7329,0.005,0.3266,1.914,0.651622,0.01,50000,0.58,0.235,0.18,0.005
411,-79.6988,0.01,0.3486,2.0366,0.651142,0.01,50000,0.5,0.255,0.245,0.0
412,-79.8435,0.01,0.3354,1.9116,0.6508,0.01,50000,0.51,0.255,0.235,0.0
413,-71.7868,0.005,0.3266,1.9469,0.65041,0.01,50000,0.575,0.26,0.165,0.0
414,-70.587,0.005,0.3284,1.9646,0.650204,0.01,50000,0.555,0.245,0.2,0.0
415,-95.2053,0.015,5.3496,1.9535,0.649818,0.01,50000,0.495,0.28,0.22,0.005
416,-78.5941,0.01,0.3273,1.933,0.649612,0.01,50000,0.6,0.215,0.18,0.005
417,-79.0724,0.005,0.3313,1.9382,0.649334,0.01,50000,0.55,0.25,0.2,0.0
418,-76.4377,0.005,0.3312,1.9123,0.648973,0.01,50000,0.535,0.27,0.195,0.0
419,-80.3265,0.005,0.3436,1.9268,0.64865,0.01,50000,0.495,0.245,0.255,0.005
420,-98.2231,0.025,0.3441,2.0013,0.648432,0.01,50000,0.515,0.265,0.22,0.0
421,-72.0789,0.005,0.3396,1.9306,0.64822,0.01,50000,0.53,0.25,0.215,0.005
422,-70.4348,0.005,0.3232,1.9704,0.648008,0.01,50000,0.595,0.245,0.16,0.0
423,-68.0705,0.005,0.3238,1.9004,0.647711,0.01,50000,0.555,0.23,0.215,0.0
424,-81.8367,0.01,0.3202,1.8682,0.64752,0.01,50000,0.575,0.27,0.155,0.0
425,-81.5821,0.01,0.3364,1.894,0.647238,0.01,50000,0.57,0.28,0.145,0.005
426,-87.7236,0.015,10.3246,1.9362,0.647045,0.01,50000,0.51,0.265,0.225,0.0
427,-76.1951,0.005,0.343,1.9885,0.646894,0.01,50000,0.55,0.275,0.17,0.005
428,-75.2292,0.005,0.309,1.9345,0.646536,0.01,50000,0.61,0.19,0.2,0.0
429,-83.5528,0.01,0.3439,1.9264,0.646183,0.01,50000,0.53,0.3,0.165,0.005
430,-81.3494,0.01,0.3469,1.9545,0.645827,0.01,50000,0.52,0.25,0.225,0.005
431,-77.7652,0.005,0.3187,1.9693,0.645403,0.01,50000,0.595,0.225,0.18,0.0
432,-77.07,0.005,0.3268,1.9217,0.644953,0.01,50000,0.54,0.205,0.255,0.0
433,-74.7582,0.005,0.3156,1.9008,0.644618,0.01,50000,0.585,0.22,0.195,0.0
434,-79.9457,0.015,0.3172,1.9464,0.644468,0.01,50000,0.595,0.205,0.2,0.0
435,-84.2815,0.01,0.337,1.9152,0.64425,0.01,50000,0.525,0.235,0.235,0.005
436,-102.245,0.02,10.3233,1.92,0.644084,0.01,50000,0.57,0.21,0.21,0.01
437,-74.4578,0.005,0.3161,1.9457,0.643916,0.01,50000,0.61,0.23,0.16,0.0
438,-74.4432,0.005,0.3305,1.8908,0.6438,0.01,50000,0.535,0.28,0.185,0.0
439,-74.7245,0.005,0.332,1.9057,0.643632,0.01,50000,0.53,0.275,0.195,0.0
440,-81.7808,0.01,0.3415,1.9327,0.643483,0.01,50000,0.55,0.3,0.145,0.005
441,-73.1593,0.005,0.3203,1.9779,0.643207,0.01,50000,0.61,0.255,0.135,0.0
442,-81.7587,0.01,0.3424,1.9107,0.642961,0.01,50000,0.575,0.285,0.13,0.01
443,-76.3156,0.005,0.3255,1.9613,0.642649,0.01,50000,0.57,0.24,0.19,0.0
444,-79.7109,0.01,5.3193,1.9365,0.642373,0.01,50000,0.58,0.275,0.145,0.0
445,-83.1045,0.005,0.3405,2.0181,0.642041,0.01,50000,0.58,0.29,0.125,0.005
446,-73.9865,0.005,0.3265,1.9561,0.641586,0.01,50000,0.565,0.245,0.19,0.0
447,-100.3866,0.025,0.3299,1.9896,0.641222,0.01,50000,0.61,0.24,0.145,0.005
448,-81.4406,0.005,0.3216,1.9529,0.641033,0.01,50000,0.575,0.225,0.2,0.0
449,-85.2125,0.01,0.3457,1.9614,0.640907,0.01,50000,0.535,0.25,0.21,0.005
450,-73.4392,0.005,0.3288,1.9728,0.640636,0.01,50000,0.57,0.26,0.17,0.0
451,-81.7781,0.01,0.3365,1.8896,0.640259,0.01,50000,0.545,0.3,0.15,0.005
452,-91.4866,0.02,0.342,1.9558,0.640146,0.01,50000,0.54,0.23,0.225,0.005
453,-83.294,0.01,0.3338,1.9704,0.640088,0.01,50000,0.585,0.225,0.185,0.005
454,-79.5241,0.01,0.3353,1.8987,0.640165,0.01,50000,0.55,0.245,0.2,0.005
455,-79.9916,0.005,0.3348,1.9636,0.639944,0.01,50000,0.52,0.22,0.26,0.0
456,-80.7034,0.01,5.3176,1.9281,0.639682,0.01,50000,0.59,0.23,0.175,0.005
457,-77.9733,0.01,0.3405,1.9716,0.639362,0.01,50000,0.54,0.26,0.195,0.005
458,-83.6896,0.01,5.3195,1.8745,0.639107,0.01,50000,0.555,0.275,0.17,0.0
459,-70.5339,0.005,0.3279,1.9154,0.638735,0.01,50000,0.545,0.25,0.205,0.0
460,-74.2979,0.005,0.3139,1.9281,0.638459,0.01,50000,0.61,0.24,0.15,0.0
461,-97.934,0.02,5.3256,1.9418,0.638406,0.01,50000,0.58,0.25,0.165,0.005
462,-75.4389,0.005,0.3362,1.9521,0.637926,0.01,50000,0.53,0.265,0.205,0.0
463,-83.9179,0.01,0.3324,1.9115,0.637787,0.01,50000,0.555,0.2,0.24,0.005
464,-86.6473,0.015,0.3364,1.9152,0.637553,0.01,50000,0.56,0.2,0.23,0.01
465,-72.6203,0.005,0.3274,1.8806,0.637166,0.01,50000,0.56,0.235,0.2,0.005
466,-88.9744,0.015,10.3287,1.921,0.636835,0.01,50000,0.535,0.28,0.18,0.005
467,-72.9732,0.005,0.3315,1.934,0.636514,0.01,50000,0.535,0.255,0.21,0.0
468,-75.1535,0.005,0.3294,1.9836,0.636152,0.01,50000,0.555,0.22,0.225,0.0
469,-86.2663,0.015,5.311,1.9204,0.635936,0.01,50000,0.62,0.225,0.15,0.005
470,-87.2575,0.015,5.3281,1.959,0.635774,0.01,50000,0.565,0.245,0.185,0.005
471,-72.6574,0.005,0.3276,1.9164,0.635645,0.01,50000,0.545,0.235,0.22,0.0
472,-75.8318,0.005,0.3323,1.9493,0.635553,0.01,50000,0.525,0.225,0.25,0.0
473,-72.6171,0.005,0.329,1.9665,0.635418,0.01,50000,0.55,0.235,0.215,0.0
474,-72.7822,0.005,0.3317,1.9745,0.635293,0.01,50000,0.535,0.22,0.245,0.0
475,-73.9753,0.005,0.3579,1.9248,0.635194,0.01,50000,0.415,0.28,0.305,0.0
476,-92.5431,0.02,0.3517,1.9204,0.63501,0.01,50000,0.485,0.26,0.25,0.005
477,-77.875,0.01,5.3259,1.9179,0.634697,0.01,50000,0.53,0.255,0.215,0.0
478,-76.1661,0.01,0.3358,1.9077,0.634414,0.01,50000,0.56,0.21,0.22,0.01
479,-80.2754,0.005,0.3238,1.9363,0.634213,0.01,50000,0.575,0.265,0.16,0.0
480,-73.7739,0.005,0.3176,1.9551,0.634071,0.01,50000,0.6,0.215,0.185,0.0
481,-83.4129,0.01,0.3266,1.8816,0.633841,0.01,50000,0.52,0.22,0.26,0.0
482,-80.9864,0.01,0.3243,1.9414,0.633637,0.01,50000,0.59,0.19,0.215,0.005
483,-74.4177,0.005,0.3139,1.9267,0.63341,0.01,50000,0.6,0.215,0.185,0.0
484,-74.6763,0.005,0.3186,1.8985,0.633159,0.01,50000,0.585,0.245,0.17,0.0
485,-74.6735,0.005,0.3262,1.9687,0.632906,0.01,50000,0.545,0.195,0.26,0.0
486,-80.4133,0.01,0.3305,1.9923,0.632671,0.01,50000,0.58,0.21,0.205,0.005
487,-75.6417,0.005,0.3247,1.9498,0.632439,0.01,50000,0.56,0.215,0.225,0.0
488,-80.9859,0.01,5.3231,1.9155,0.632098,0.01,50000,0.54,0.25,0.21,0.0
489,-79.0916,0.01,0.3349,1.8932,0.631888,0.01,50000,0.49,0.22,0.29,0.0
490,-84.8584,0.01,5.3387,1.9043,0.631752,0.01,50000,0.46,0.27,0.27,0.0
491,-74.2572,0.005,0.3388,1.8968,0.631461,0.01,50000,0.495,0.27,0.235,0.0
492,-112.4866,0.035,0.3854,1.9063,0.631222,0.01,50000,0.52,0.29,0.165,0.025
493,-77.3026,0.01,0.3226,1.9602,0.630999,0.01,50000,0.585,0.235,0.18,0.0
494,-87.4201,0.01,0.3387,1.9543,0.63078,0.01,50000,0.51,0.185,0.3,0.005
495,-79.0329,0.01,5.3139,1.9153,0.630575,0.01,50000,0.585,0.25,0.165,0.0
496,-87.7225,0.015,0.3223,1.9054,0.630389,0.01,50000,0.6,0.215,0.18,0.005
497,-82.4959,0.01,0.3328,1.9038,0.630126,0.01,50000,0.57,0.23,0.195,0.005
498,-78.0122,0.01,0.3375,1.9123,0.629859,0.01,50000,0.56,0.24,0.19,0.01
499,-88.4845,0.015,0.3392,1.9501,0.629607,0.01,50000,0.495,0.235,0.27,0.0
500,-76.6889,0.005,0.3318,1.931,0.629351,0.01,50000,0.53,0.225,0.245,0.0
